{"cameraMode":{"drawMode":0,"name":"Shaded","section":"Shading Mode"},"sceneLighting":false,"audioPlay":false,"sceneViewState":{"showFog":true,"showMaterialUpdate":false,"showSkybox":true,"showFlares":true,"showImageEffects":true,"showParticleSystems":true},"in2DMode":false,"pivot":{"x":22.575193405151368,"y":-6.835407257080078,"z":-17.826805114746095},"rotation":{"x":-0.32007113099098208,"y":0.006548741366714239,"z":-0.0022117984481155874,"w":-0.947368323802948},"size":82.73884582519531,"orthographic":false}