{"cameraMode":{"drawMode":0,"name":"Shaded","section":"Shading Mode"},"sceneLighting":false,"audioPlay":false,"sceneViewState":{"showFog":true,"showMaterialUpdate":false,"showSkybox":true,"showFlares":true,"showImageEffects":true,"showParticleSystems":true},"in2DMode":false,"pivot":{"x":0.9714527130126953,"y":2.0926427841186525,"z":-2.960768461227417},"rotation":{"x":0.06891834735870362,"y":0.7794018387794495,"z":-0.08711520582437515,"w":0.6165987253189087},"size":30.718591690063478,"orthographic":false}