{"cameraMode":{"drawMode":0,"name":"Shaded","section":"Shading Mode"},"sceneLighting":false,"audioPlay":false,"sceneViewState":{"showFog":true,"showMaterialUpdate":false,"showSkybox":true,"showFlares":true,"showImageEffects":true,"showParticleSystems":true},"in2DMode":false,"pivot":{"x":-6.754570007324219,"y":6.557600498199463,"z":2.1714701652526857},"rotation":{"x":0.11006902903318405,"y":0.8847343325614929,"z":-0.2652786672115326,"w":0.367093026638031},"size":16.41729164123535,"orthographic":false}