{"cameraMode":{"drawMode":0,"name":"Shaded","section":"Shading Mode"},"sceneLighting":false,"audioPlay":false,"sceneViewState":{"showFog":true,"showMaterialUpdate":false,"showSkybox":true,"showFlares":true,"showImageEffects":true,"showParticleSystems":true},"in2DMode":false,"pivot":{"x":-3.1241044998168947,"y":4.8735761642456059,"z":7.813532829284668},"rotation":{"x":0.043228086084127429,"y":0.9229064583778381,"z":-0.10876549035310745,"w":0.366803914308548},"size":13.041226387023926,"orthographic":false}