{"cameraMode":{"drawMode":0,"name":"Shaded","section":"Shading Mode"},"sceneLighting":false,"audioPlay":false,"sceneViewState":{"showFog":true,"showMaterialUpdate":false,"showSkybox":true,"showFlares":true,"showImageEffects":true,"showParticleSystems":true},"in2DMode":false,"pivot":{"x":31.605297088623048,"y":33.639007568359378,"z":-30.0035343170166},"rotation":{"x":0.03292669355869293,"y":-0.9636478424072266,"z":0.14151452481746674,"w":0.22421500086784364},"size":17.923587799072267,"orthographic":false}