{"cameraMode":{"drawMode":0,"name":"Shaded","section":"Shading Mode"},"sceneLighting":false,"audioPlay":false,"sceneViewState":{"showFog":true,"showMaterialUpdate":true,"showSkybox":true,"showFlares":true,"showImageEffects":true,"showParticleSystems":true},"in2DMode":false,"pivot":{"x":24.097476959228517,"y":6.563807964324951,"z":10.648786544799805},"rotation":{"x":0.011447754688560963,"y":-0.9843599796295166,"z":0.16120778024196626,"w":0.07011758536100388},"size":18.37466049194336,"orthographic":false}