{"cameraMode":{"drawMode":0,"name":"Shaded","section":"Shading Mode"},"sceneLighting":false,"audioPlay":false,"sceneViewState":{"showFog":true,"showMaterialUpdate":false,"showSkybox":true,"showFlares":true,"showImageEffects":true,"showParticleSystems":true},"in2DMode":false,"pivot":{"x":-15.894182205200196,"y":3.345550537109375,"z":-0.7078266143798828},"rotation":{"x":0.05626939609646797,"y":-0.943533718585968,"z":0.2207336723804474,"w":0.24052976071834565},"size":24.949825286865236,"orthographic":false}