{"cameraMode":{"drawMode":0,"name":"Shaded","section":"Shading Mode"},"sceneLighting":false,"audioPlay":false,"sceneViewState":{"showFog":true,"showMaterialUpdate":true,"showSkybox":true,"showFlares":true,"showImageEffects":true,"showParticleSystems":true},"in2DMode":false,"pivot":{"x":216.72015380859376,"y":59.363922119140628,"z":22.18011474609375},"rotation":{"x":0.09165053069591522,"y":-0.03105117753148079,"z":0.002893495373427868,"w":0.9953027963638306},"size":637.9076538085938,"orthographic":false}