{"cameraMode":{"drawMode":0,"name":"Shaded","section":"Shading Mode"},"sceneLighting":false,"audioPlay":false,"sceneViewState":{"showFog":true,"showMaterialUpdate":false,"showSkybox":true,"showFlares":true,"showImageEffects":true,"showParticleSystems":true},"in2DMode":false,"pivot":{"x":-7.004005432128906,"y":17.991161346435548,"z":26.57459259033203},"rotation":{"x":0.08798440545797348,"y":0.43181896209716799,"z":-0.04236974939703941,"w":0.8966582417488098},"size":59.971702575683597,"orthographic":false}