{"cameraMode":{"drawMode":0,"name":"Shaded","section":"Shading Mode"},"sceneLighting":false,"audioPlay":false,"sceneViewState":{"showFog":true,"showMaterialUpdate":true,"showSkybox":true,"showFlares":true,"showImageEffects":true,"showParticleSystems":true},"in2DMode":false,"pivot":{"x":0.05864906311035156,"y":5.0,"z":-0.01862335205078125},"rotation":{"x":0.21171125769615174,"y":-0.0014665955677628518,"z":0.0003676236083265394,"w":0.9773311614990234},"size":64.73026275634766,"orthographic":false}