{"cameraMode":{"drawMode":0,"name":"Shaded","section":"Shading Mode"},"sceneLighting":false,"audioPlay":false,"sceneViewState":{"showFog":true,"showMaterialUpdate":false,"showSkybox":true,"showFlares":true,"showImageEffects":true,"showParticleSystems":true},"in2DMode":false,"pivot":{"x":-40.221248626708987,"y":6.259365081787109,"z":-60.528072357177737},"rotation":{"x":0.08349628001451493,"y":-0.8337063789367676,"z":0.1313890665769577,"w":0.5298102498054504},"size":32.476959228515628,"orthographic":false}