{"cameraMode":{"drawMode":0,"name":"Shaded","section":"Shading Mode"},"sceneLighting":false,"audioPlay":false,"sceneViewState":{"showFog":true,"showMaterialUpdate":true,"showSkybox":true,"showFlares":true,"showImageEffects":true,"showParticleSystems":true},"in2DMode":false,"pivot":{"x":-2.1692886352539064,"y":-10.278865814208985,"z":31.691268920898439},"rotation":{"x":0.2502584457397461,"y":-0.07945984601974487,"z":0.020647209137678148,"w":0.9646919369697571},"size":110.37648010253906,"orthographic":false}