{"cameraMode":{"drawMode":0,"name":"Shaded","section":"Shading Mode"},"sceneLighting":false,"audioPlay":false,"sceneViewState":{"showFog":true,"showMaterialUpdate":false,"showSkybox":true,"showFlares":true,"showImageEffects":true,"showParticleSystems":true},"in2DMode":false,"pivot":{"x":-45.82264709472656,"y":5.0,"z":82.89549255371094},"rotation":{"x":-0.06727731227874756,"y":-0.9282050132751465,"z":0.20689445734024049,"w":-0.30183443427085879},"size":17.923587799072267,"orthographic":false}