{"cameraMode":{"drawMode":0,"name":"Shaded","section":"Shading Mode"},"sceneLighting":false,"audioPlay":false,"sceneViewState":{"showFog":true,"showMaterialUpdate":false,"showSkybox":true,"showFlares":true,"showImageEffects":true,"showParticleSystems":true},"in2DMode":false,"pivot":{"x":-47.524024963378909,"y":-0.19675588607788087,"z":-90.7984848022461},"rotation":{"x":0.08724113553762436,"y":-0.8511698842048645,"z":0.14989008009433747,"w":0.49541082978248598},"size":35.3990478515625,"orthographic":false}