{"cameraMode":{"drawMode":0,"name":"Shaded","section":"Shading Mode"},"sceneLighting":false,"audioPlay":false,"sceneViewState":{"showFog":true,"showMaterialUpdate":false,"showSkybox":true,"showFlares":true,"showImageEffects":true,"showParticleSystems":true},"in2DMode":false,"pivot":{"x":-27.250080108642579,"y":42.05363082885742,"z":-4.329154968261719},"rotation":{"x":0.012493313290178776,"y":-0.9791601896286011,"z":0.06354902684688568,"w":0.1924859583377838},"size":139.36460876464845,"orthographic":false}