{"cameraMode":{"drawMode":0,"name":"Shaded","section":"Shading Mode"},"sceneLighting":false,"audioPlay":false,"sceneViewState":{"showFog":true,"showMaterialUpdate":false,"showSkybox":true,"showFlares":true,"showImageEffects":true,"showParticleSystems":true},"in2DMode":false,"pivot":{"x":-5.699697494506836,"y":7.5626349449157719,"z":7.356496810913086},"rotation":{"x":0.11024737358093262,"y":-0.29751530289649966,"z":0.0346100851893425,"w":0.9476984739303589},"size":57.33344268798828,"orthographic":false}