{"cameraMode":{"drawMode":0,"name":"Shaded","section":"Shading Mode"},"sceneLighting":true,"audioPlay":false,"sceneViewState":{"showFog":true,"showMaterialUpdate":true,"showSkybox":true,"showFlares":true,"showImageEffects":true,"showParticleSystems":true},"in2DMode":false,"pivot":{"x":11.941489219665528,"y":6.435540199279785,"z":76.64852905273438},"rotation":{"x":-0.08690007030963898,"y":-0.08714966475963593,"z":0.007439900655299425,"w":-0.9923698902130127},"size":30.798587799072267,"orthographic":false}