{"cameraMode":{"drawMode":0,"name":"Shaded","section":"Shading Mode"},"sceneLighting":false,"audioPlay":false,"sceneViewState":{"showFog":true,"showMaterialUpdate":false,"showSkybox":true,"showFlares":true,"showImageEffects":true,"showParticleSystems":true},"in2DMode":false,"pivot":{"x":37.32483673095703,"y":-0.015636920928955079,"z":34.61083984375},"rotation":{"x":-0.16471067070960999,"y":0.2828962504863739,"z":-0.04941679909825325,"w":-0.9436091184616089},"size":27.504674911499025,"orthographic":false}