{"cameraMode":{"drawMode":0,"name":"Shaded","section":"Shading Mode"},"sceneLighting":false,"audioPlay":false,"sceneViewState":{"showFog":true,"showMaterialUpdate":false,"showSkybox":true,"showFlares":true,"showImageEffects":true,"showParticleSystems":true},"in2DMode":false,"pivot":{"x":0.7360048294067383,"y":5.0,"z":-57.147804260253909},"rotation":{"x":0.022759227082133294,"y":-0.06562608480453491,"z":0.0014972155913710595,"w":0.9975835680961609},"size":17.923587799072267,"orthographic":false}