{"cameraMode":{"drawMode":0,"name":"Shaded","section":"Shading Mode"},"sceneLighting":false,"audioPlay":false,"sceneViewState":{"showFog":true,"showMaterialUpdate":false,"showSkybox":true,"showFlares":true,"showImageEffects":true,"showParticleSystems":true},"in2DMode":false,"pivot":{"x":-41.03947830200195,"y":3.0846786499023439,"z":26.12024688720703},"rotation":{"x":0.18377509713172913,"y":-0.35333168506622317,"z":0.07100310176610947,"w":0.9145174026489258},"size":26.18560218811035,"orthographic":false}