{"cameraMode":{"drawMode":0,"name":"Shaded","section":"Shading Mode"},"sceneLighting":false,"audioPlay":false,"sceneViewState":{"showFog":true,"showMaterialUpdate":false,"showSkybox":true,"showFlares":true,"showImageEffects":true,"showParticleSystems":true},"in2DMode":false,"pivot":{"x":135.5826416015625,"y":7.016739845275879,"z":-61.18550109863281},"rotation":{"x":0.22262825071811677,"y":-0.08148069679737091,"z":0.018676020205020906,"w":0.971312940120697},"size":65.87007141113281,"orthographic":false}