{"cameraMode":{"drawMode":0,"name":"Shaded","section":"Shading Mode"},"sceneLighting":false,"audioPlay":false,"sceneViewState":{"showFog":true,"showMaterialUpdate":false,"showSkybox":true,"showFlares":true,"showImageEffects":true,"showParticleSystems":true},"in2DMode":false,"pivot":{"x":1.4759798049926758,"y":10.0,"z":30.22821807861328},"rotation":{"x":0.37122970819473269,"y":-0.32562536001205447,"z":0.14087387919425965,"w":0.8580858111381531},"size":57.15768051147461,"orthographic":false}