{"cameraMode":{"drawMode":0,"name":"Shaded","section":"Shading Mode"},"sceneLighting":false,"audioPlay":false,"sceneViewState":{"showFog":true,"showMaterialUpdate":false,"showSkybox":true,"showFlares":true,"showImageEffects":true,"showParticleSystems":true},"in2DMode":false,"pivot":{"x":-3.5623974800109865,"y":-0.4025228023529053,"z":2.756938934326172},"rotation":{"x":-0.03361200541257858,"y":0.9601003527641296,"z":-0.13217777013778687,"w":-0.24414490163326264},"size":63.095882415771487,"orthographic":false}