{"cameraMode":{"drawMode":0,"name":"Shaded","section":"Shading Mode"},"sceneLighting":false,"audioPlay":false,"sceneViewState":{"showFog":true,"showMaterialUpdate":false,"showSkybox":true,"showFlares":true,"showImageEffects":true,"showParticleSystems":true},"in2DMode":false,"pivot":{"x":35.52962875366211,"y":4.771137237548828,"z":1.3539891242980958},"rotation":{"x":0.032655488699674609,"y":-0.9666304588317871,"z":0.15977610647678376,"w":0.19756223261356355},"size":19.596487045288087,"orthographic":false}