{"cameraMode":{"drawMode":0,"name":"Shaded","section":"Shading Mode"},"sceneLighting":false,"audioPlay":false,"sceneViewState":{"showFog":true,"showMaterialUpdate":false,"showSkybox":true,"showFlares":true,"showImageEffects":true,"showParticleSystems":true},"in2DMode":false,"pivot":{"x":129.7940673828125,"y":67.53263092041016,"z":-20.659976959228517},"rotation":{"x":-0.03865263983607292,"y":-0.9560902118682861,"z":0.14773821830749513,"w":-0.2501419186592102},"size":37.91411590576172,"orthographic":false}