{"cameraMode":{"drawMode":0,"name":"Shaded","section":"Shading Mode"},"sceneLighting":false,"audioPlay":false,"sceneViewState":{"showFog":true,"showMaterialUpdate":true,"showSkybox":true,"showFlares":true,"showImageEffects":true,"showParticleSystems":true},"in2DMode":false,"pivot":{"x":6.043773651123047,"y":3.1471810340881349,"z":-1.1235408782958985},"rotation":{"x":0.159990131855011,"y":-0.041448723524808887,"z":0.006773514673113823,"w":0.9862248301506043},"size":29.989192962646486,"orthographic":false}