{"cameraMode":{"drawMode":0,"name":"Shaded","section":"Shading Mode"},"sceneLighting":false,"audioPlay":false,"sceneViewState":{"showFog":true,"showMaterialUpdate":true,"showSkybox":true,"showFlares":true,"showImageEffects":true,"showParticleSystems":true},"in2DMode":false,"pivot":{"x":17.75021743774414,"y":4.616194725036621,"z":7.113587856292725},"rotation":{"x":0.20834410190582276,"y":-0.23470726609230042,"z":0.051614463329315189,"w":0.9480723738670349},"size":29.966617584228517,"orthographic":false}