{"cameraMode":{"drawMode":0,"name":"Shaded","section":"Shading Mode"},"sceneLighting":false,"audioPlay":false,"sceneViewState":{"showFog":true,"showMaterialUpdate":false,"showSkybox":true,"showFlares":true,"showImageEffects":true,"showParticleSystems":true},"in2DMode":false,"pivot":{"x":1.896019697189331,"y":0.3765430450439453,"z":0.7213268280029297},"rotation":{"x":0.1914350837469101,"y":-0.1080801710486412,"z":0.021250136196613313,"w":0.9753049612045288},"size":17.03168296813965,"orthographic":false}