{"cameraMode":{"drawMode":0,"name":"Shaded","section":"Shading Mode"},"sceneLighting":false,"audioPlay":false,"sceneViewState":{"showFog":true,"showMaterialUpdate":false,"showSkybox":true,"showFlares":true,"showImageEffects":true,"showParticleSystems":true},"in2DMode":false,"pivot":{"x":168.14097595214845,"y":104.11417388916016,"z":-29.070640563964845},"rotation":{"x":0.03578220680356026,"y":-0.9216586947441101,"z":0.08764585852622986,"w":0.3762752413749695},"size":37.91411590576172,"orthographic":false}