{"cameraMode":{"drawMode":0,"name":"Shaded","section":"Shading Mode"},"sceneLighting":false,"audioPlay":false,"sceneViewState":{"showFog":true,"showMaterialUpdate":false,"showSkybox":true,"showFlares":true,"showImageEffects":true,"showParticleSystems":true},"in2DMode":false,"pivot":{"x":-7.657227516174316,"y":3.1821393966674806,"z":-5.492427825927734},"rotation":{"x":0.03292669355869293,"y":-0.9636478424072266,"z":0.14151452481746674,"w":0.22421500086784364},"size":33.64453125,"orthographic":false}