{"cameraMode":{"drawMode":0,"name":"Shaded","section":"Shading Mode"},"sceneLighting":false,"audioPlay":false,"sceneViewState":{"showFog":true,"showMaterialUpdate":false,"showSkybox":true,"showFlares":true,"showImageEffects":true,"showParticleSystems":true},"in2DMode":false,"pivot":{"x":-0.028143882751464845,"y":10.126110076904297,"z":2.497211456298828},"rotation":{"x":0.05291735753417015,"y":-0.9324491620063782,"z":0.15269020199775697,"w":0.323147177696228},"size":25.769020080566408,"orthographic":false}