{"cameraMode":{"drawMode":0,"name":"Shaded","section":"Shading Mode"},"sceneLighting":false,"audioPlay":false,"sceneViewState":{"showFog":true,"showMaterialUpdate":false,"showSkybox":true,"showFlares":true,"showImageEffects":true,"showParticleSystems":true},"in2DMode":false,"pivot":{"x":4.244694709777832,"y":25.324289321899415,"z":42.193416595458987},"rotation":{"x":0.08760610222816467,"y":-0.8994945883750916,"z":0.21185553073883058,"w":0.37195685505867007},"size":0.6581456065177918,"orthographic":false}