{"cameraMode":{"drawMode":0,"name":"Shaded","section":"Shading Mode"},"sceneLighting":false,"audioPlay":false,"sceneViewState":{"showFog":true,"showMaterialUpdate":true,"showSkybox":true,"showFlares":true,"showImageEffects":true,"showParticleSystems":true},"in2DMode":false,"pivot":{"x":-70.86502838134766,"y":4.0274763107299809,"z":4.467562675476074},"rotation":{"x":-0.146390900015831,"y":0.4504673480987549,"z":-0.07519055157899857,"w":-0.8774937391281128},"size":21.75704002380371,"orthographic":false}