{"cameraMode":{"drawMode":0,"name":"Shaded","section":"Shading Mode"},"sceneLighting":false,"audioPlay":false,"sceneViewState":{"showFog":true,"showMaterialUpdate":false,"showSkybox":true,"showFlares":true,"showImageEffects":true,"showParticleSystems":true},"in2DMode":false,"pivot":{"x":0.5468168258666992,"y":11.49199104309082,"z":2.3300514221191408},"rotation":{"x":-0.02661692351102829,"y":0.9553481340408325,"z":-0.0908510684967041,"w":-0.2799064815044403},"size":27.61473846435547,"orthographic":false}