{"cameraMode":{"drawMode":0,"name":"Shaded","section":"Shading Mode"},"sceneLighting":false,"audioPlay":false,"sceneViewState":{"showFog":true,"showMaterialUpdate":false,"showSkybox":true,"showFlares":true,"showImageEffects":true,"showParticleSystems":true},"in2DMode":false,"pivot":{"x":7.838075637817383,"y":8.499805450439454,"z":-1.7799148559570313},"rotation":{"x":0.032655488699674609,"y":-0.9666304588317871,"z":0.15977610647678376,"w":0.19756223261356355},"size":21.010000228881837,"orthographic":false}