{"cameraMode":{"drawMode":0,"name":"Shaded","section":"Shading Mode"},"sceneLighting":false,"audioPlay":false,"sceneViewState":{"showFog":true,"showMaterialUpdate":true,"showSkybox":true,"showFlares":true,"showImageEffects":true,"showParticleSystems":true},"in2DMode":false,"pivot":{"x":162.6857147216797,"y":91.36102294921875,"z":-43.413856506347659},"rotation":{"x":0.0863780826330185,"y":0.8448346853256226,"z":-0.1435469090938568,"w":0.5081216096878052},"size":37.91411590576172,"orthographic":false}