{"cameraMode":{"drawMode":0,"name":"Shaded","section":"Shading Mode"},"sceneLighting":false,"audioPlay":false,"sceneViewState":{"showFog":true,"showMaterialUpdate":false,"showSkybox":true,"showFlares":true,"showImageEffects":true,"showParticleSystems":true},"in2DMode":false,"pivot":{"x":-0.998774528503418,"y":5.951606750488281,"z":-3.9333457946777345},"rotation":{"x":0.23800131678581239,"y":-0.10724964737892151,"z":0.026455042883753778,"w":0.9649627804756165},"size":35.59787368774414,"orthographic":false}