{"cameraMode":{"drawMode":0,"name":"Shaded","section":"Shading Mode"},"sceneLighting":false,"audioPlay":false,"sceneViewState":{"showFog":true,"showMaterialUpdate":true,"showSkybox":true,"showFlares":true,"showImageEffects":true,"showParticleSystems":true},"in2DMode":false,"pivot":{"x":141.64718627929688,"y":77.91070556640625,"z":-67.4800033569336},"rotation":{"x":0.01035879086703062,"y":0.9863709211349487,"z":-0.14940130710601808,"w":0.06814999133348465},"size":53.12600326538086,"orthographic":false}