{"cameraMode":{"drawMode":0,"name":"Shaded","section":"Shading Mode"},"sceneLighting":false,"audioPlay":false,"sceneViewState":{"showFog":true,"showMaterialUpdate":true,"showSkybox":true,"showFlares":true,"showImageEffects":true,"showParticleSystems":true},"in2DMode":false,"pivot":{"x":-6.795592308044434,"y":4.877658843994141,"z":16.80146026611328},"rotation":{"x":0.21676455438137055,"y":-0.08335639536380768,"z":0.018579434603452684,"w":0.9724811911582947},"size":84.71119689941406,"orthographic":false}