{"cameraMode":{"drawMode":0,"name":"Shaded","section":"Shading Mode"},"sceneLighting":false,"audioPlay":false,"sceneViewState":{"showFog":true,"showMaterialUpdate":false,"showSkybox":true,"showFlares":true,"showImageEffects":true,"showParticleSystems":true},"in2DMode":false,"pivot":{"x":1.1663646697998047,"y":3.241352081298828,"z":10.157276153564454},"rotation":{"x":0.02334846556186676,"y":0.9701617360115051,"z":-0.1040201187133789,"w":0.21776336431503297},"size":61.23188400268555,"orthographic":false}