{"cameraMode":{"drawMode":0,"name":"Shaded","section":"Shading Mode"},"sceneLighting":false,"audioPlay":false,"sceneViewState":{"showFog":false,"showMaterialUpdate":false,"showSkybox":false,"showFlares":false,"showImageEffects":false,"showParticleSystems":false},"in2DMode":false,"pivot":{"x":353.1870422363281,"y":170.29144287109376,"z":22.1923828125},"rotation":{"x":0.1199888288974762,"y":0.02323124371469021,"z":-0.002809084253385663,"w":0.9924994707107544},"size":779.8388671875,"orthographic":false}