{"cameraMode":{"drawMode":0,"name":"Shaded","section":"Shading Mode"},"sceneLighting":true,"audioPlay":false,"sceneViewState":{"showFog":false,"showMaterialUpdate":false,"showSkybox":false,"showFlares":false,"showImageEffects":false,"showParticleSystems":false},"in2DMode":false,"pivot":{"x":339.8211975097656,"y":261.09759521484377,"z":-133.92144775390626},"rotation":{"x":0.21070964634418488,"y":-0.47946083545684817,"z":0.11978146433830261,"w":0.8434282541275024},"size":91.92536926269531,"orthographic":false}