{"cameraMode":{"drawMode":0,"name":"Shaded","section":"Shading Mode"},"sceneLighting":false,"audioPlay":false,"sceneViewState":{"showFog":true,"showMaterialUpdate":false,"showSkybox":true,"showFlares":true,"showImageEffects":true,"showParticleSystems":true},"in2DMode":false,"pivot":{"x":-6.754570007324219,"y":6.557600498199463,"z":2.1714701652526857},"rotation":{"x":-0.030276818200945855,"y":0.9469949007034302,"z":-0.30576276779174807,"w":-0.093772292137146},"size":15.678513526916504,"orthographic":false}