{"cameraMode":{"drawMode":0,"name":"Shaded","section":"Shading Mode"},"sceneLighting":false,"audioPlay":false,"sceneViewState":{"showFog":true,"showMaterialUpdate":false,"showSkybox":true,"showFlares":true,"showImageEffects":true,"showParticleSystems":true},"in2DMode":false,"pivot":{"x":25.1347713470459,"y":4.332885265350342,"z":10.697892189025879},"rotation":{"x":0.2605835795402527,"y":-0.41178885102272036,"z":0.12414370477199555,"w":0.8643578290939331},"size":33.28676223754883,"orthographic":false}