{"cameraMode":{"drawMode":0,"name":"Shaded","section":"Shading Mode"},"sceneLighting":false,"audioPlay":false,"sceneViewState":{"showFog":true,"showMaterialUpdate":false,"showSkybox":true,"showFlares":true,"showImageEffects":true,"showParticleSystems":true},"in2DMode":false,"pivot":{"x":1.2594798803329468,"y":36.06687927246094,"z":7.075708389282227},"rotation":{"x":-0.0027513152454048397,"y":-0.9948270320892334,"z":-0.02804776094853878,"w":0.09759634733200073},"size":36.80299758911133,"orthographic":false}