{"cameraMode":{"drawMode":0,"name":"Shaded","section":"Shading Mode"},"sceneLighting":false,"audioPlay":false,"sceneViewState":{"showFog":true,"showMaterialUpdate":true,"showSkybox":true,"showFlares":true,"showImageEffects":true,"showParticleSystems":true},"in2DMode":false,"pivot":{"x":86.85218811035156,"y":67.74708557128906,"z":-17.057476043701173},"rotation":{"x":0.21676455438137055,"y":-0.08335639536380768,"z":0.018579434603452684,"w":0.9724811911582947},"size":374.2344665527344,"orthographic":false}