{"cameraMode":{"drawMode":0,"name":"Shaded","section":"Shading Mode"},"sceneLighting":false,"audioPlay":false,"sceneViewState":{"showFog":true,"showMaterialUpdate":false,"showSkybox":true,"showFlares":true,"showImageEffects":true,"showParticleSystems":true},"in2DMode":false,"pivot":{"x":-69.78498077392578,"y":5.0,"z":1.7863688468933106},"rotation":{"x":0.36059069633483889,"y":0.24205145239830018,"z":-0.09746924042701721,"w":0.8954804539680481},"size":20.20829200744629,"orthographic":false}