{"cameraMode":{"drawMode":0,"name":"Shaded","section":"Shading Mode"},"sceneLighting":false,"audioPlay":false,"sceneViewState":{"showFog":true,"showMaterialUpdate":false,"showSkybox":true,"showFlares":true,"showImageEffects":true,"showParticleSystems":true},"in2DMode":false,"pivot":{"x":17.019351959228517,"y":4.616194725036621,"z":7.909251689910889},"rotation":{"x":0.2605835795402527,"y":-0.41178885102272036,"z":0.12414370477199555,"w":0.8643578290939331},"size":24.041061401367189,"orthographic":false}