{"cameraMode":{"drawMode":0,"name":"Shaded","section":"Shading Mode"},"sceneLighting":false,"audioPlay":false,"sceneViewState":{"showFog":true,"showMaterialUpdate":false,"showSkybox":true,"showFlares":true,"showImageEffects":true,"showParticleSystems":true},"in2DMode":false,"pivot":{"x":-3.3937149047851564,"y":6.559999465942383,"z":7.205226421356201},"rotation":{"x":0.3589288294315338,"y":-0.2047382891178131,"z":0.08101920038461685,"w":0.9070216417312622},"size":16.417293548583986,"orthographic":false}