{"cameraMode":{"drawMode":0,"name":"Shaded","section":"Shading Mode"},"sceneLighting":false,"audioPlay":false,"sceneViewState":{"showFog":true,"showMaterialUpdate":false,"showSkybox":true,"showFlares":true,"showImageEffects":true,"showParticleSystems":true},"in2DMode":false,"pivot":{"x":4.666202545166016,"y":10.0,"z":88.61060333251953},"rotation":{"x":0.2471545785665512,"y":0.08850832283496857,"z":-0.022676918655633928,"w":0.9646588563919067},"size":57.15768051147461,"orthographic":false}