{"cameraMode":{"drawMode":0,"name":"Shaded","section":"Shading Mode"},"sceneLighting":false,"audioPlay":false,"sceneViewState":{"showFog":true,"showMaterialUpdate":false,"showSkybox":true,"showFlares":true,"showImageEffects":true,"showParticleSystems":true},"in2DMode":false,"pivot":{"x":-30.163162231445314,"y":6.0,"z":-51.52477264404297},"rotation":{"x":0.36059069633483889,"y":0.24205145239830018,"z":-0.09746924042701721,"w":0.8954804539680481},"size":25.715072631835939,"orthographic":false}