{"cameraMode":{"drawMode":0,"name":"Shaded","section":"Shading Mode"},"sceneLighting":false,"audioPlay":false,"sceneViewState":{"showFog":true,"showMaterialUpdate":false,"showSkybox":true,"showFlares":true,"showImageEffects":true,"showParticleSystems":true},"in2DMode":false,"pivot":{"x":115.20376586914063,"y":-1.871100902557373,"z":-3.5914812088012697},"rotation":{"x":0.2626834809780121,"y":-0.008688877336680889,"z":0.0023652585223317148,"w":0.9648401141166687},"size":22.543691635131837,"orthographic":false}