{"cameraMode":{"drawMode":0,"name":"Shaded","section":"Shading Mode"},"sceneLighting":false,"audioPlay":false,"sceneViewState":{"showFog":true,"showMaterialUpdate":false,"showSkybox":true,"showFlares":true,"showImageEffects":true,"showParticleSystems":true},"in2DMode":false,"pivot":{"x":-3.3937149047851564,"y":4.5,"z":7.205226421356201},"rotation":{"x":-0.01812710240483284,"y":0.9712175726890564,"z":-0.22413888573646546,"w":-0.07854699343442917},"size":16.417293548583986,"orthographic":false}