{"cameraMode":{"drawMode":0,"name":"Shaded","section":"Shading Mode"},"sceneLighting":false,"audioPlay":false,"sceneViewState":{"showFog":true,"showMaterialUpdate":false,"showSkybox":true,"showFlares":true,"showImageEffects":true,"showParticleSystems":true},"in2DMode":false,"pivot":{"x":-72.30000305175781,"y":16.980937957763673,"z":-53.634063720703128},"rotation":{"x":0.12064205855131149,"y":-0.6059298515319824,"z":0.09363135695457459,"w":0.7807226181030273},"size":72.92568969726563,"orthographic":false}