{"cameraMode":{"drawMode":0,"name":"Shaded","section":"Shading Mode"},"sceneLighting":false,"audioPlay":false,"sceneViewState":{"showFog":true,"showMaterialUpdate":false,"showSkybox":true,"showFlares":true,"showImageEffects":true,"showParticleSystems":true},"in2DMode":false,"pivot":{"x":-13.520000457763672,"y":1.5199999809265137,"z":1.0},"rotation":{"x":0.08435293287038803,"y":0.8748887181282044,"z":-0.16491444408893586,"w":0.44750145077705386},"size":36.32564163208008,"orthographic":false}